Date,Time,Close,High,Low,Open,Volume
2016.06.23,06:00,1.13363,1.13452,1.13335,1.1345,1796
2016.06.23,07:00,1.13471,1.13482,1.1335,1.13362,2133
2016.06.23,08:00,1.13378,1.13491,1.13324,1.13468,6856
2016.06.23,09:00,1.13192,1.13427,1.13176,1.13379,6526
2016.06.23,10:00,1.13526,1.13545,1.13164,1.13191,7670
2016.06.23,11:00,1.13857,1.14001,1.13452,1.13539,12850
2016.06.23,12:00,1.13975,1.14211,1.13822,1.13857,15497
2016.06.23,13:00,1.13893,1.14097,1.13757,1.13976,10065
2016.06.23,14:00,1.13908,1.14051,1.1384,1.13895,9779
2016.06.23,15:00,1.13803,1.13922,1.13629,1.13908,12038
2016.06.23,16:00,1.13491,1.13922,1.13468,1.13805,14134
2016.06.23,17:00,1.13695,1.13829,1.13403,1.13491,9734
2016.06.23,18:00,1.13532,1.13736,1.13473,1.13695,6066
2016.06.23,19:00,1.13587,1.13661,1.13511,1.1353,3924
2016.06.23,20:00,1.13545,1.13594,1.13465,1.13587,3790
2016.06.23,21:00,1.1382,1.13932,1.13419,1.13546,5479
2016.06.23,22:00,1.13846,1.13983,1.13637,1.13818,5496
2016.06.23,23:00,1.14237,1.14281,1.13743,1.13848,5846
2016.06.24,00:00,1.1375,1.14222,1.13653,1.14222,7559
2016.06.24,01:00,1.13324,1.1375,1.12693,1.1375,13586
2016.06.24,01:00,1.13324,1.1375,1.12693,1.1375,13586
2016.06.24,02:00,1.12743,1.13369,1.12698,1.13323,10512
2016.06.24,03:00,1.12622,1.12964,1.11788,1.12743,15946
2016.06.24,04:00,1.1033,1.12739,1.1025,1.12618,20703
2016.06.24,05:00,1.09742,1.10669,1.09114,1.1033,21030
2016.06.24,06:00,1.09483,1.10516,1.09456,1.09741,17705
2016.06.24,07:00,1.10189,1.10231,1.09351,1.09483,14572
2016.06.24,08:00,1.1034,1.10883,1.10008,1.10189,18601
2016.06.24,09:00,1.11567,1.11891,1.10293,1.1034,19363
2016.06.24,10:00,1.11272,1.118,1.11132,1.11567,15241
2016.06.24,11:00,1.11158,1.1141,1.11064,1.11273,13201
2016.06.24,12:00,1.10515,1.11216,1.10495,1.11158,15274
2016.06.24,13:00,1.10494,1.10746,1.10432,1.10512,12967
2016.06.24,14:00,1.10514,1.10939,1.10403,1.10494,15428
2016.06.24,15:00,1.10597,1.11051,1.10347,1.10514,17244
2016.06.24,16:00,1.1116,1.11344,1.10482,1.10597,16578
2016.06.24,17:00,1.11217,1.1134,1.10874,1.1116,13088
2016.06.24,18:00,1.11651,1.11758,1.10995,1.11205,11061
2016.06.24,19:00,1.11615,1.11797,1.11465,1.1165,7985
2016.06.24,20:00,1.11199,1.11673,1.11144,1.11615,7941
2016.06.24,21:00,1.10867,1.11349,1.10863,1.11202,7613
2016.06.27,00:00,1.10721,1.10739,1.10339,1.10401,7942
2016.06.27,01:00,1.10395,1.10749,1.10149,1.10723,7937
2016.06.27,02:00,1.10121,1.10494,1.10043,1.10396,9317
2016.06.27,03:00,1.0999,1.10151,1.0994,1.1012,8019
2016.06.27,04:00,1.10009,1.10106,1.09841,1.0999,4799
2016.06.27,05:00,1.10285,1.10301,1.10007,1.10009,4641
2016.06.27,06:00,1.10136,1.10326,1.09996,1.10285,5290
2016.06.27,07:00,1.10389,1.10402,1.10135,1.10136,4931
2016.06.27,08:00,1.10415,1.10595,1.10145,1.1039,11118
2016.06.27,09:00,1.10646,1.10676,1.1041,1.10417,14434
2016.06.27,10:00,1.1051,1.10835,1.10334,1.10647,14208
2016.06.27,11:00,1.10343,1.10509,1.10184,1.10509,14035
2016.06.27,12:00,1.10138,1.10349,1.10029,1.10343,13156
2016.06.27,13:00,1.09928,1.10204,1.09816,1.10138,9790
2016.06.27,14:00,1.09919,1.10047,1.09704,1.0993,13094
2016.06.27,15:00,1.10141,1.10213,1.09878,1.09918,14119
2016.06.27,16:00,1.0973,1.10286,1.09721,1.10144,13307
2016.06.27,17:00,1.10218,1.10231,1.09718,1.09729,11720
2016.06.27,18:00,1.10378,1.10439,1.10172,1.1022,9162
2016.06.27,19:00,1.10058,1.10398,1.10009,1.10378,7276
2016.06.27,20:00,1.10027,1.10231,1.09954,1.10057,6848
2016.06.27,21:00,1.10173,1.10204,1.09996,1.10028,5595
2016.06.27,22:00,1.10239,1.10255,1.10144,1.1017,3381
2016.06.27,23:00,1.10206,1.10285,1.10173,1.10227,835
2016.06.28,00:00,1.101,1.10248,1.10099,1.10212,2955
2016.06.28,01:00,1.10134,1.10186,1.101,1.101,1663
2016.06.28,02:00,1.10198,1.10256,1.10127,1.10134,3174
2016.06.28,03:00,1.10426,1.10531,1.10174,1.10193,6182
2016.06.28,03:00,1.10426,1.10531,1.10174,1.10193,6182
2016.06.28,04:00,1.10506,1.1059,1.10395,1.10426,4790
2016.06.28,05:00,1.10562,1.1057,1.10427,1.10511,3474
2016.06.28,06:00,1.10615,1.10638,1.10542,1.10564,3016
2016.06.28,07:00,1.10611,1.10637,1.10526,1.10615,3633
2016.06.28,08:00,1.10701,1.10753,1.10473,1.1061,7580
2016.06.28,09:00,1.10687,1.1077,1.10536,1.10699,11537
2016.06.28,10:00,1.10532,1.10793,1.10528,1.10686,8377
2016.06.28,11:00,1.10928,1.10933,1.10532,1.10532,7772
2016.06.28,12:00,1.10884,1.11116,1.10857,1.10927,9185
2016.06.28,13:00,1.10708,1.10923,1.10703,1.10884,6783
2016.06.28,14:00,1.10713,1.10845,1.10634,1.10709,9714
2016.06.28,15:00,1.10579,1.1072,1.10521,1.10713,10115
2016.06.28,16:00,1.10516,1.10722,1.10481,1.1058,10506
2016.06.28,17:00,1.10519,1.10595,1.1036,1.10514,10278
2016.06.28,18:00,1.10521,1.10665,1.10445,1.10524,6288
2016.06.28,19:00,1.10403,1.10562,1.10399,1.10525,4292
2016.06.28,20:00,1.10468,1.10555,1.10346,1.10404,4394
2016.06.28,21:00,1.10778,1.10794,1.10458,1.10466,5127
2016.06.28,22:00,1.10634,1.10904,1.10632,1.10778,2898
2016.06.28,23:00,1.1078,1.10815,1.10612,1.10632,1910
2016.06.29,00:00,1.1073,1.10788,1.10697,1.10788,2811
2016.06.29,01:00,1.10753,1.10766,1.10717,1.10733,1191
2016.06.29,02:00,1.10621,1.10764,1.1059,1.10753,3966
2016.06.29,03:00,1.10517,1.1067,1.1049,1.10622,4268
2016.06.29,03:00,1.10517,1.1067,1.1049,1.10622,4268
2016.06.29,04:00,1.1065,1.1065,1.10493,1.10516,2764
2016.06.29,05:00,1.10671,1.1069,1.10622,1.1065,2531
2016.06.29,06:00,1.10671,1.10682,1.10624,1.1067,2077
2016.06.29,07:00,1.10561,1.10693,1.10544,1.10673,3268
2016.06.29,08:00,1.10694,1.10798,1.10525,1.10561,5479
2016.06.29,09:00,1.10717,1.11031,1.10619,1.10697,11127
2016.06.29,10:00,1.10615,1.10777,1.10594,1.10717,8034
2016.06.29,11:00,1.10643,1.10677,1.10515,1.10614,8432
2016.06.29,12:00,1.10886,1.10966,1.10636,1.10643,9552
2016.06.29,13:00,1.10859,1.1096,1.10698,1.10888,8055
2016.06.29,13:00,1.10859,1.1096,1.10698,1.10888,8055
2016.06.29,14:00,1.10814,1.11115,1.10799,1.10862,11251
2016.06.29,15:00,1.11179,1.11195,1.1074,1.10819,12859
2016.06.29,16:00,1.11042,1.11302,1.10899,1.11179,11946
2016.06.29,17:00,1.11166,1.1124,1.11003,1.11034,10108
2016.06.29,18:00,1.10975,1.11165,1.10935,1.11165,5740
2016.06.29,19:00,1.11137,1.11145,1.10917,1.10977,5232
2016.06.29,20:00,1.11066,1.11142,1.11038,1.11137,3238
2016.06.29,21:00,1.11019,1.11102,1.1097,1.11068,3594
2016.06.29,22:00,1.11228,1.11251,1.11001,1.11019,2954
2016.06.29,23:00,1.11265,1.11265,1.11127,1.11228,1395
2016.06.30,00:00,1.11232,1.1127,1.11206,1.11265,1762
2016.06.30,01:00,1.11218,1.1127,1.11192,1.11234,1650
2016.06.30,02:00,1.11093,1.11234,1.11086,1.11219,3258
2016.06.30,03:00,1.11078,1.11124,1.11048,1.11093,3043
2016.06.30,04:00,1.1108,1.11196,1.11055,1.11078,2681
2016.06.30,05:00,1.1103,1.11105,1.10986,1.11079,2362
2016.06.30,06:00,1.11017,1.11081,1.10999,1.11031,1965
2016.06.30,07:00,1.10854,1.11022,1.10853,1.11017,3774
2016.06.30,08:00,1.11071,1.11134,1.10847,1.10855,6088
2016.06.30,09:00,1.11156,1.11197,1.10865,1.11071,10134
2016.06.30,10:00,1.11207,1.11348,1.111,1.11156,8400
2016.06.30,11:00,1.11266,1.11376,1.111,1.11206,9869
2016.06.30,12:00,1.11445,1.11543,1.11263,1.11265,7731
2016.06.30,13:00,1.11043,1.11542,1.1098,1.11447,9017
2016.06.30,14:00,1.11124,1.1118,1.10766,1.11041,11547
2016.06.30,15:00,1.11158,1.1119,1.10898,1.11125,10142
2016.06.30,16:00,1.11175,1.11239,1.10898,1.11158,12044
2016.06.30,17:00,1.10344,1.11199,1.10318,1.11183,16433
2016.06.30,17:00,1.10344,1.11199,1.10318,1.11183,16433
2016.06.30,18:00,1.10728,1.10832,1.10239,1.10341,16564
2016.06.30,19:00,1.10501,1.10779,1.10352,1.10725,7573
2016.06.30,20:00,1.10799,1.10815,1.10484,1.10502,7383
2016.06.30,21:00,1.10935,1.10991,1.10762,1.10792,5389
2016.06.30,22:00,1.11068,1.11071,1.10874,1.10935,3186
2016.06.30,23:00,1.1102,1.11074,1.1095,1.11059,880
2016.07.01,00:00,1.10987,1.11084,1.10944,1.1102,2561
2016.07.01,01:00,1.11023,1.11079,1.10979,1.10981,2163
2016.07.01,02:00,1.11115,1.11162,1.11013,1.11023,3618
2016.07.01,03:00,1.11045,1.11166,1.11035,1.11117,2747
2016.07.01,04:00,1.11034,1.11057,1.11,1.11046,1561
2016.07.01,05:00,1.109,1.11052,1.10895,1.11034,1821
2016.07.01,06:00,1.10996,1.11002,1.10869,1.10898,1865
2016.07.01,07:00,1.10802,1.11002,1.10788,1.10995,2903
2016.07.01,08:00,1.10882,1.10947,1.10718,1.10803,5902
2016.07.01,09:00,1.11066,1.11167,1.10851,1.10882,9801
2016.07.01,10:00,1.11053,1.11147,1.10943,1.11067,8482
2016.07.01,11:00,1.11062,1.11136,1.1101,1.1105,6257
2016.07.01,12:00,1.1123,1.11241,1.11018,1.11062,6465
2016.07.01,12:00,1.1123,1.11241,1.11018,1.11062,6465
2016.07.01,13:00,1.11196,1.11385,1.1115,1.11231,7252
2016.07.01,14:00,1.11319,1.11439,1.1119,1.11197,8138
2016.07.01,15:00,1.11525,1.11692,1.11319,1.11319,9515
2016.07.01,16:00,1.11323,1.11558,1.11125,1.115,11867
2016.07.01,17:00,1.11439,1.11526,1.11308,1.11323,7744
2016.07.01,18:00,1.11352,1.1155,1.11321,1.1144,6707
2016.07.01,19:00,1.11267,1.11484,1.11249,1.11358,5140
2016.07.01,20:00,1.11247,1.11313,1.11176,1.11268,3606
2016.07.01,21:00,1.1134,1.11396,1.11226,1.11245,3199
2016.07.04,00:00,1.11294,1.1137,1.11251,1.11324,2520
2016.07.04,01:00,1.11272,1.1137,1.11259,1.11296,1667
2016.07.04,02:00,1.1129,1.11328,1.11251,1.11272,2589
2016.07.04,03:00,1.11351,1.11379,1.11273,1.11291,2572
2016.07.04,04:00,1.11374,1.11441,1.1135,1.1135,3027
2016.07.04,05:00,1.11375,1.11395,1.11364,1.11373,1501
2016.07.04,06:00,1.11352,1.11393,1.11345,1.11377,1320
2016.07.04,07:00,1.11356,1.11439,1.11331,1.11352,2079
2016.07.04,08:00,1.1119,1.11422,1.11187,1.11354,3803
2016.07.04,09:00,1.11224,1.11347,1.11185,1.11192,5626
2016.07.04,10:00,1.11084,1.11262,1.10977,1.11224,6105
2016.07.04,10:00,1.11084,1.11262,1.10977,1.11224,6105
2016.07.04,11:00,1.11291,1.11329,1.1104,1.11084,4642
2016.07.04,12:00,1.11224,1.11332,1.11215,1.1129,3361
2016.07.04,13:00,1.1136,1.11395,1.11211,1.11225,3737
2016.07.04,14:00,1.11436,1.11478,1.11314,1.1136,4451
2016.07.04,14:00,1.11436,1.11478,1.11314,1.1136,4451
2016.07.04,15:00,1.11316,1.11442,1.11289,1.11438,5330
2016.07.04,16:00,1.11375,1.11445,1.11308,1.11317,5568
2016.07.04,17:00,1.11432,1.11461,1.11333,1.11375,4834
2016.07.04,18:00,1.11473,1.11483,1.11424,1.11432,2035
2016.07.04,19:00,1.11542,1.11558,1.11474,1.11474,3744
2016.07.04,20:00,1.1159,1.11593,1.11513,1.11542,1031
2016.07.04,21:00,1.11549,1.11591,1.11547,1.1159,697
2016.07.04,22:00,1.11522,1.11587,1.11521,1.11549,1460
2016.07.04,23:00,1.1148,1.11558,1.1148,1.11532,474
2016.07.05,00:00,1.11458,1.11506,1.11448,1.1148,2615
2016.07.05,01:00,1.11442,1.1149,1.11426,1.11454,1831
2016.07.05,02:00,1.11337,1.11448,1.11331,1.11443,2500
2016.07.05,03:00,1.11271,1.11356,1.11251,1.11337,3629
2016.07.05,04:00,1.11313,1.11331,1.11251,1.1127,1784
2016.07.05,05:00,1.11324,1.11343,1.11283,1.11312,1607
2016.07.05,06:00,1.11234,1.11356,1.11228,1.11325,2370
2016.07.05,06:00,1.11234,1.11356,1.11228,1.11325,2370
2016.07.05,07:00,1.11281,1.11337,1.11228,1.11234,2452
2016.07.05,08:00,1.11282,1.11403,1.11195,1.11281,6166
2016.07.05,09:00,1.11546,1.11861,1.11253,1.11284,10207
2016.07.05,10:00,1.11358,1.11579,1.113,1.11545,8115
2016.07.05,11:00,1.11427,1.11523,1.11328,1.11359,5696
2016.07.05,12:00,1.11537,1.11644,1.11418,1.11425,5695
2016.07.05,12:00,1.11537,1.11644,1.11418,1.11425,5695
2016.07.05,13:00,1.11437,1.1161,1.11382,1.11537,5761
2016.07.05,14:00,1.11544,1.11595,1.11299,1.11437,8676
2016.07.05,15:00,1.11476,1.11672,1.11416,1.11543,9351
2016.07.05,16:00,1.11059,1.11512,1.11048,1.11479,9189
2016.07.05,17:00,1.10791,1.11115,1.10734,1.11058,10595
2016.07.05,17:00,1.10791,1.11115,1.10734,1.11058,10595
2016.07.05,18:00,1.109,1.10943,1.1066,1.10794,7678
2016.07.05,19:00,1.10814,1.10929,1.10807,1.10899,3827
2016.07.05,20:00,1.10721,1.10835,1.10702,1.10812,4220
2016.07.05,21:00,1.10685,1.10751,1.10621,1.10722,3318
2016.07.05,22:00,1.10753,1.1076,1.10676,1.10683,2359
2016.07.05,23:00,1.10662,1.10757,1.10619,1.10753,1358
2016.07.06,00:00,1.10623,1.10702,1.10609,1.10664,2757
2016.07.06,01:00,1.1063,1.10684,1.1058,1.10622,4496
2016.07.06,02:00,1.10489,1.10684,1.10474,1.10629,4625
2016.07.06,03:00,1.10422,1.10577,1.10408,1.10489,7288
2016.07.06,04:00,1.10392,1.10546,1.10357,1.10421,8519
2016.07.06,05:00,1.10516,1.10552,1.10375,1.10392,4846
2016.07.06,06:00,1.10527,1.1053,1.1044,1.10518,2711
2016.07.06,07:00,1.10548,1.10579,1.10467,1.10527,4194
2016.07.06,08:00,1.10648,1.10661,1.10474,1.10546,6888
2016.07.06,09:00,1.1065,1.1073,1.10544,1.10648,10416
2016.07.06,10:00,1.10555,1.10788,1.1045,1.1065,10266
2016.07.06,11:00,1.1057,1.10642,1.10433,1.10557,8767
2016.07.06,12:00,1.10674,1.10737,1.10557,1.1057,8526
2016.07.06,13:00,1.10535,1.10743,1.10527,1.10667,8019
2016.07.06,14:00,1.10739,1.10876,1.10531,1.10535,9705
2016.07.06,15:00,1.10677,1.10846,1.10662,1.1074,9153
2016.07.06,16:00,1.10701,1.10718,1.1029,1.10674,14086
2016.07.06,17:00,1.10752,1.10855,1.10636,1.10704,10590
2016.07.06,17:00,1.10752,1.10855,1.10636,1.10704,10590
2016.07.06,18:00,1.10891,1.10962,1.10722,1.10752,8033
2016.07.06,19:00,1.10946,1.10973,1.10829,1.10891,4635
2016.07.06,20:00,1.11031,1.11075,1.10873,1.1095,5923
2016.07.06,21:00,1.11013,1.11115,1.10965,1.11031,3988
2016.07.06,22:00,1.10996,1.11032,1.10958,1.11012,2524
2016.07.06,23:00,1.1094,1.11024,1.10934,1.10996,463
2016.07.07,00:00,1.10944,1.10996,1.10897,1.1094,3135
2016.07.07,01:00,1.10967,1.11008,1.10881,1.10946,2583
2016.07.07,02:00,1.10884,1.10967,1.10853,1.10967,4374
2016.07.07,03:00,1.1085,1.10935,1.10739,1.10885,5651
2016.07.07,04:00,1.10863,1.10904,1.10806,1.10851,3045
2016.07.07,05:00,1.10959,1.10963,1.10859,1.10863,2128
2016.07.07,06:00,1.11015,1.1107,1.10934,1.10959,4260
2016.07.07,07:00,1.10894,1.1102,1.10891,1.11016,4210
2016.07.07,08:00,1.10773,1.10916,1.10743,1.10894,6379
2016.07.07,09:00,1.10628,1.10875,1.10624,1.10773,7608
2016.07.07,09:00,1.10628,1.10875,1.10624,1.10773,7608
2016.07.07,10:00,1.10812,1.10906,1.10564,1.10629,8318
2016.07.07,11:00,1.10925,1.11011,1.10742,1.1081,7181
2016.07.07,12:00,1.10823,1.10956,1.10795,1.10925,6625
2016.07.07,13:00,1.10736,1.10871,1.10711,1.10821,6101
2016.07.07,14:00,1.10865,1.10898,1.10673,1.10736,9665
2016.07.07,15:00,1.10954,1.10994,1.10813,1.10864,9677
2016.07.07,16:00,1.10712,1.10961,1.10645,1.10956,11426
2016.07.07,17:00,1.10643,1.10759,1.10584,1.10712,8738
2016.07.07,18:00,1.10639,1.10672,1.10533,1.10643,5540
2016.07.07,19:00,1.10567,1.1064,1.10538,1.1064,4497
2016.07.07,20:00,1.10543,1.10621,1.10525,1.10567,3397
2016.07.07,21:00,1.10627,1.10632,1.10532,1.10543,2894
2016.07.07,22:00,1.10614,1.10664,1.10606,1.10629,2225
2016.07.07,23:00,1.10623,1.10653,1.10599,1.10613,565
2016.07.08,00:00,1.10596,1.10659,1.10588,1.10619,2524
2016.07.08,01:00,1.10626,1.10683,1.1059,1.10595,2210
2016.07.08,02:00,1.10681,1.10743,1.10621,1.10624,3200
2016.07.08,03:00,1.10753,1.10786,1.10683,1.10683,2950
2016.07.08,04:00,1.1076,1.10783,1.10712,1.10752,2286
2016.07.08,05:00,1.10813,1.10814,1.10722,1.1076,2398
2016.07.08,06:00,1.10836,1.10842,1.10773,1.10814,2840
2016.07.08,06:00,1.10836,1.10842,1.10773,1.10814,2840
2016.07.08,07:00,1.10842,1.10897,1.10774,1.10834,3001
2016.07.08,08:00,1.10804,1.10845,1.10745,1.10842,4678
2016.07.08,09:00,1.10761,1.10833,1.1072,1.10804,6094
2016.07.08,10:00,1.10745,1.10808,1.10697,1.10761,5667
2016.07.08,11:00,1.10631,1.10757,1.10631,1.10746,5066
2016.07.08,12:00,1.10644,1.10696,1.10571,1.10628,5109
2016.07.08,13:00,1.10625,1.10715,1.10595,1.1064,4679
2016.07.08,14:00,1.1025,1.10826,1.10017,1.10625,16397
2016.07.08,15:00,1.10534,1.11205,1.10216,1.10248,23221
2016.07.08,16:00,1.10359,1.10562,1.1027,1.10529,10921
2016.07.08,16:00,1.10359,1.10562,1.1027,1.10529,10921
2016.07.08,17:00,1.10359,1.10466,1.103,1.10362,8827
2016.07.08,18:00,1.10541,1.10549,1.10348,1.10359,3857
2016.07.08,19:00,1.10422,1.10591,1.10383,1.10541,3764
2016.07.08,20:00,1.10472,1.105,1.10397,1.10424,3210
2016.07.08,21:00,1.10511,1.10558,1.10447,1.10472,3151
2016.07.11,00:00,1.10496,1.10533,1.10429,1.10519,9699
2016.07.11,01:00,1.1044,1.10521,1.10415,1.10497,2251
2016.07.11,02:00,1.10382,1.10469,1.10336,1.1044,4325
2016.07.11,03:00,1.10445,1.10476,1.10374,1.10381,3660
2016.07.11,04:00,1.10497,1.10549,1.10443,1.10445,2295
2016.07.11,05:00,1.1054,1.10555,1.10476,1.10498,1583
2016.07.11,06:00,1.10469,1.10543,1.10451,1.10541,2954
2016.07.11,07:00,1.10439,1.10487,1.10421,1.10468,3436
2016.07.11,08:00,1.10411,1.10537,1.1033,1.1044,7451
2016.07.11,09:00,1.10249,1.10431,1.10154,1.10409,8913
2016.07.11,10:00,1.10262,1.10395,1.10205,1.1025,7581
2016.07.11,11:00,1.1032,1.10343,1.10208,1.10263,5421
2016.07.11,12:00,1.10473,1.10478,1.10281,1.10322,7183
2016.07.11,13:00,1.10459,1.10595,1.10421,1.10474,7715
2016.07.11,14:00,1.10536,1.10555,1.10419,1.10455,9063
2016.07.11,14:00,1.10536,1.10555,1.10419,1.10455,9063
2016.07.11,15:00,1.1064,1.10743,1.1049,1.10535,10631
2016.07.11,16:00,1.10445,1.10687,1.10441,1.10639,9316
2016.07.11,17:00,1.10442,1.10496,1.10353,1.10445,7663
2016.07.11,18:00,1.10531,1.10543,1.10442,1.10444,3495
2016.07.11,19:00,1.10564,1.10589,1.10511,1.10528,2510
2016.07.11,20:00,1.10564,1.1062,1.10545,1.10564,2726
2016.07.11,21:00,1.10569,1.10631,1.1055,1.10562,2830
2016.07.11,22:00,1.10574,1.10612,1.10549,1.10569,1911
2016.07.11,23:00,1.10598,1.1061,1.10556,1.10562,546
2016.07.12,00:00,1.10596,1.10666,1.10564,1.10599,2743
2016.07.12,01:00,1.10566,1.10606,1.10554,1.10596,1302
2016.07.12,02:00,1.1059,1.1061,1.10524,1.10566,3833
2016.07.12,03:00,1.10766,1.10812,1.1052,1.10593,5585
2016.07.12,04:00,1.10865,1.10908,1.10732,1.10766,5461
2016.07.12,05:00,1.10771,1.10867,1.10758,1.10866,3148
2016.07.12,06:00,1.10773,1.10783,1.10733,1.10771,2179
2016.07.12,07:00,1.10858,1.10871,1.10747,1.10773,2877
2016.07.12,08:00,1.10888,1.10898,1.10793,1.1086,6780
2016.07.12,09:00,1.11099,1.11257,1.10869,1.10888,13571
2016.07.12,10:00,1.11109,1.11219,1.11056,1.11101,10023
2016.07.12,11:00,1.11057,1.11163,1.11035,1.11109,8738
2016.07.12,12:00,1.10923,1.11142,1.10916,1.11057,6819
2016.07.12,13:00,1.10923,1.10953,1.10798,1.10918,8113
2016.07.12,14:00,1.11015,1.11054,1.10889,1.10922,9646
2016.07.12,15:00,1.10923,1.11024,1.10819,1.11014,10456
2016.07.12,16:00,1.1072,1.10985,1.10646,1.10923,11201
2016.07.12,17:00,1.10726,1.10763,1.10606,1.10717,9851
2016.07.12,18:00,1.10913,1.10917,1.1072,1.10726,6328
2016.07.12,19:00,1.10744,1.10917,1.10684,1.10912,4036
2016.07.12,20:00,1.10692,1.10744,1.10644,1.10744,3191
2016.07.12,21:00,1.10621,1.10696,1.10605,1.10692,3183
2016.07.12,21:00,1.10621,1.10696,1.10605,1.10692,3183
2016.07.12,22:00,1.10602,1.10643,1.10593,1.10621,1845
2016.07.12,23:00,1.10636,1.10653,1.10596,1.10602,586
2016.07.13,00:00,1.1063,1.10649,1.10615,1.10636,2293
2016.07.13,01:00,1.10597,1.10669,1.10582,1.1063,2411
2016.07.13,02:00,1.10616,1.1063,1.10533,1.10593,4987
2016.07.13,03:00,1.10615,1.10697,1.10571,1.10615,5240
2016.07.13,04:00,1.10638,1.10646,1.10547,1.10614,4987
2016.07.13,05:00,1.10616,1.10691,1.10609,1.10638,3790
2016.07.13,06:00,1.10654,1.10656,1.10589,1.10617,3571
2016.07.13,07:00,1.10681,1.1071,1.1063,1.10655,3867
2016.07.13,08:00,1.10574,1.10681,1.10553,1.10681,6296
2016.07.13,09:00,1.10463,1.10632,1.10418,1.10574,10414
2016.07.13,10:00,1.10593,1.10625,1.10428,1.10463,8160
2016.07.13,11:00,1.1078,1.10808,1.10498,1.10593,8935
2016.07.13,12:00,1.10846,1.10847,1.10719,1.10779,8202
2016.07.13,12:00,1.10846,1.10847,1.10719,1.10779,8202
2016.07.13,13:00,1.1074,1.10851,1.1072,1.10847,6686
2016.07.13,14:00,1.10874,1.10883,1.10665,1.10741,7415
2016.07.13,15:00,1.10828,1.10945,1.10795,1.10874,8685
2016.07.13,16:00,1.11016,1.11197,1.10816,1.10829,12127
2016.07.13,17:00,1.11118,1.11142,1.10999,1.11016,8369
2016.07.13,18:00,1.11081,1.11167,1.1102,1.11118,4819
2016.07.13,19:00,1.11074,1.1113,1.11049,1.11081,3588
2016.07.13,20:00,1.11072,1.11105,1.11063,1.11075,2497
2016.07.13,21:00,1.10935,1.11083,1.10929,1.11072,3231
2016.07.13,22:00,1.1089,1.10966,1.10872,1.10937,2228
2016.07.13,23:00,1.10933,1.10963,1.10867,1.1089,675
2016.07.14,00:00,1.1098,1.1101,1.10935,1.10939,3883
2016.07.14,01:00,1.10947,1.11033,1.10923,1.1098,3188
2016.07.14,02:00,1.10965,1.11001,1.10927,1.10948,3936
2016.07.14,03:00,1.11093,1.11097,1.10944,1.10964,5798
2016.07.14,04:00,1.11121,1.1116,1.11051,1.11093,3906
2016.07.14,05:00,1.11048,1.11125,1.11034,1.11119,4300
2016.07.14,06:00,1.11112,1.11115,1.11016,1.11049,3054
2016.07.14,07:00,1.11031,1.11213,1.1101,1.11112,5109
2016.07.14,08:00,1.1105,1.11288,1.11024,1.11031,12464
2016.07.14,09:00,1.10989,1.11062,1.10885,1.1105,9543
2016.07.14,10:00,1.11077,1.11101,1.10932,1.1099,8197
2016.07.14,11:00,1.1112,1.11169,1.11042,1.11075,7572
2016.07.14,12:00,1.11034,1.11161,1.10964,1.1112,8949
2016.07.14,13:00,1.11511,1.11645,1.11019,1.11034,18395
2016.07.14,14:00,1.11148,1.11647,1.11097,1.11514,10670
2016.07.14,15:00,1.11118,1.1119,1.11005,1.11148,10035
2016.07.14,16:00,1.11041,1.11244,1.11025,1.11118,7902
2016.07.14,17:00,1.11067,1.11135,1.10976,1.11042,6228
2016.07.14,18:00,1.11132,1.11207,1.11068,1.11068,3164
2016.07.14,19:00,1.11197,1.11295,1.11116,1.11134,3454
2016.07.14,20:00,1.11218,1.11257,1.11176,1.11198,2489
2016.07.14,21:00,1.11128,1.11242,1.11121,1.11218,2423
2016.07.14,22:00,1.11184,1.11215,1.11127,1.11128,1457
2016.07.14,23:00,1.11126,1.11198,1.1112,1.11186,986
2016.07.15,00:00,1.11123,1.11173,1.11105,1.11129,2777
2016.07.15,01:00,1.11057,1.11179,1.11018,1.11123,3221
2016.07.15,02:00,1.1116,1.1119,1.11049,1.11057,5809
2016.07.15,03:00,1.11124,1.11158,1.11072,1.11158,4233
2016.07.15,04:00,1.11332,1.11396,1.11046,1.11127,6560
2016.07.15,05:00,1.11303,1.11366,1.11274,1.11332,3217
2016.07.15,06:00,1.11261,1.11377,1.11245,1.11303,4489
2016.07.15,07:00,1.11184,1.11276,1.11172,1.11261,4283
2016.07.15,08:00,1.11253,1.11316,1.11155,1.11188,7658
2016.07.15,09:00,1.11325,1.11395,1.11251,1.11251,9677
2016.07.15,10:00,1.11382,1.11486,1.11319,1.11326,7070
2016.07.15,11:00,1.11412,1.11433,1.11301,1.11383,7505
2016.07.15,12:00,1.1136,1.11436,1.11342,1.11411,6186
2016.07.15,13:00,1.11224,1.11399,1.11209,1.1136,6355
2016.07.15,14:00,1.11164,1.11343,1.11062,1.11225,10734
2016.07.15,15:00,1.10815,1.11183,1.10714,1.11163,11368
2016.07.15,15:00,1.10815,1.11183,1.10714,1.11163,11368
2016.07.15,16:00,1.10713,1.10899,1.10644,1.10823,8702
2016.07.15,17:00,1.10585,1.10729,1.1056,1.10713,7293
2016.07.15,18:00,1.10618,1.10681,1.10528,1.10585,7564
2016.07.15,19:00,1.10645,1.10676,1.10589,1.10615,3785
2016.07.15,20:00,1.10613,1.10653,1.10558,1.10644,3251
2016.07.15,21:00,1.10692,1.10726,1.10612,1.10615,2858
2016.07.18,00:00,1.10581,1.10601,1.10499,1.10499,6142
2016.07.18,01:00,1.10558,1.10595,1.10513,1.1058,5015
2016.07.18,02:00,1.10569,1.10624,1.10515,1.10558,3499
2016.07.18,03:00,1.10682,1.10709,1.10539,1.10569,2881
2016.07.18,04:00,1.10618,1.10689,1.10607,1.10682,2436
2016.07.18,05:00,1.10641,1.10666,1.1062,1.1062,1280
2016.07.18,06:00,1.10654,1.10663,1.10615,1.10641,1574
2016.07.18,07:00,1.10682,1.10697,1.10626,1.10654,1800
2016.07.18,08:00,1.10573,1.10723,1.10511,1.10682,5168
2016.07.18,09:00,1.10516,1.10627,1.10461,1.10573,9022
2016.07.18,10:00,1.10511,1.10611,1.10484,1.10515,7422
2016.07.18,11:00,1.10427,1.10575,1.10374,1.10511,6615
2016.07.18,12:00,1.10501,1.10503,1.10376,1.10426,6509
2016.07.18,13:00,1.10571,1.10589,1.10476,1.10501,6692
2016.07.18,14:00,1.1051,1.10596,1.1047,1.1057,6136
2016.07.18,15:00,1.10643,1.10648,1.10478,1.10513,8528
2016.07.18,16:00,1.10666,1.10695,1.1058,1.10643,8595
2016.07.18,16:00,1.10666,1.10695,1.1058,1.10643,8595
2016.07.18,17:00,1.10754,1.1084,1.1061,1.10667,8696
2016.07.18,18:00,1.10709,1.10822,1.10635,1.10755,4739
2016.07.18,19:00,1.10747,1.10818,1.10695,1.10709,3741
2016.07.18,20:00,1.1069,1.10768,1.10679,1.10748,2469
2016.07.18,21:00,1.10712,1.10749,1.1068,1.10688,2323
2016.07.18,22:00,1.1075,1.10757,1.1071,1.10712,1678
2016.07.18,23:00,1.10739,1.10778,1.10716,1.1075,560
2016.07.19,00:00,1.10745,1.10782,1.10728,1.10739,1618
2016.07.19,01:00,1.10679,1.10764,1.10661,1.10744,1698
2016.07.19,02:00,1.10677,1.10757,1.10637,1.1068,2902
2016.07.19,03:00,1.10683,1.10696,1.10628,1.10676,3053
2016.07.19,04:00,1.10733,1.10794,1.10657,1.10684,2422
2016.07.19,05:00,1.1078,1.10802,1.10732,1.10733,1433
2016.07.19,06:00,1.1075,1.10782,1.10727,1.10781,1687
2016.07.19,07:00,1.10733,1.10762,1.107,1.10752,1850
2016.07.19,08:00,1.10665,1.1078,1.10629,1.10733,5124
2016.07.19,09:00,1.10592,1.10724,1.10485,1.10665,8463
2016.07.19,09:00,1.10592,1.10724,1.10485,1.10665,8463
2016.07.19,10:00,1.10626,1.10774,1.10551,1.10591,7249
2016.07.19,11:00,1.10623,1.10736,1.10574,1.10618,6788
2016.07.19,12:00,1.10585,1.10666,1.10553,1.10622,5352
2016.07.19,13:00,1.10317,1.10597,1.10236,1.10584,7979
2016.07.19,14:00,1.10243,1.10372,1.10142,1.10317,9926
2016.07.19,15:00,1.10237,1.10302,1.10117,1.10244,9788
2016.07.19,16:00,1.10105,1.10268,1.10098,1.10238,9425
2016.07.19,17:00,1.10132,1.10184,1.09997,1.10105,10099
2016.07.19,18:00,1.1014,1.10184,1.10062,1.10133,5563
2016.07.19,19:00,1.10116,1.10185,1.10087,1.10136,3253
2016.07.19,20:00,1.10149,1.10171,1.1009,1.10116,2807
2016.07.19,21:00,1.10194,1.10208,1.10135,1.10149,1983
2016.07.19,22:00,1.10205,1.10224,1.10156,1.10192,1546
2016.07.19,23:00,1.10175,1.10211,1.10161,1.10205,463
2016.07.20,00:00,1.10175,1.1021,1.10157,1.10176,2905
2016.07.20,01:00,1.10134,1.10193,1.10115,1.10175,2195
2016.07.20,02:00,1.10142,1.10205,1.1011,1.10135,3170
2016.07.20,03:00,1.10146,1.10153,1.1003,1.10142,3987
2016.07.20,04:00,1.10042,1.10149,1.09972,1.10145,3014
2016.07.20,05:00,1.10113,1.10145,1.10041,1.10043,2172
2016.07.20,06:00,1.10154,1.10156,1.10107,1.10113,1701
2016.07.20,07:00,1.10174,1.10211,1.10093,1.10155,2889
2016.07.20,08:00,1.09888,1.10196,1.0984,1.10175,6166
2016.07.20,09:00,1.09947,1.09956,1.09812,1.09887,9182
2016.07.20,10:00,1.10016,1.1013,1.09859,1.09946,8035
2016.07.20,11:00,1.10067,1.10154,1.09939,1.10015,8000
2016.07.20,12:00,1.10109,1.10217,1.10022,1.10068,5560
2016.07.20,13:00,1.10115,1.10151,1.10047,1.10109,5225
2016.07.20,14:00,1.09949,1.10166,1.0991,1.10118,7591
2016.07.20,15:00,1.09969,1.10033,1.0992,1.09949,6971
2016.07.20,16:00,1.10078,1.10302,1.09962,1.09969,9146
2016.07.20,17:00,1.10045,1.10112,1.0999,1.10081,6099
2016.07.20,18:00,1.10063,1.10076,1.09987,1.10045,3738
2016.07.20,19:00,1.10047,1.10066,1.09985,1.10059,2879
2016.07.20,20:00,1.10033,1.10085,1.10012,1.10048,2284
2016.07.20,21:00,1.10179,1.10212,1.10032,1.10032,4738
2016.07.20,21:00,1.10179,1.10212,1.10032,1.10032,4738
2016.07.20,22:00,1.10132,1.10175,1.10107,1.10175,1923
2016.07.20,23:00,1.10096,1.1019,1.10038,1.10131,1298
2016.07.21,00:00,1.10105,1.10115,1.10082,1.10098,1956
2016.07.21,01:00,1.10161,1.10212,1.101,1.10106,2086
2016.07.21,02:00,1.10097,1.10191,1.10071,1.10161,3484
2016.07.21,03:00,1.10245,1.10271,1.10086,1.101,2829
2016.07.21,04:00,1.1022,1.10245,1.1017,1.10245,2745
2016.07.21,05:00,1.1036,1.10438,1.10219,1.10223,3427
2016.07.21,06:00,1.10344,1.10371,1.1032,1.1036,2325
2016.07.21,07:00,1.1028,1.10384,1.10266,1.10345,2947
2016.07.21,08:00,1.10377,1.1047,1.10274,1.1028,7052
2016.07.21,09:00,1.10326,1.10388,1.10224,1.10377,9656
2016.07.21,10:00,1.10144,1.10415,1.1014,1.10323,10422
2016.07.21,11:00,1.10231,1.1031,1.10048,1.10144,9159
2016.07.21,12:00,1.10151,1.10317,1.10117,1.10234,7277
2016.07.21,13:00,1.10118,1.10277,1.10106,1.10151,6995
2016.07.21,14:00,1.10429,1.10603,1.10089,1.1012,14362
2016.07.21,15:00,1.1009,1.10579,1.10058,1.10436,15289
2016.07.21,16:00,1.09936,1.10157,1.09796,1.1009,12826
2016.07.21,16:00,1.09936,1.10157,1.09796,1.1009,12826
2016.07.21,17:00,1.10151,1.10205,1.09926,1.09936,9256
2016.07.21,18:00,1.10073,1.10169,1.10042,1.10151,5235
2016.07.21,19:00,1.10091,1.10125,1.10022,1.10072,3508
2016.07.21,20:00,1.1014,1.10201,1.10057,1.10091,3171
2016.07.21,21:00,1.1022,1.10236,1.10139,1.10141,3048
2016.07.21,22:00,1.10262,1.10272,1.1019,1.10219,2399
2016.07.21,23:00,1.10254,1.10285,1.10193,1.1026,689
2016.07.22,00:00,1.10264,1.10277,1.10198,1.10254,3225
2016.07.22,01:00,1.10318,1.10332,1.10247,1.10263,1799
2016.07.22,02:00,1.10282,1.10333,1.10257,1.10318,3495
2016.07.22,03:00,1.10231,1.1031,1.10231,1.10281,2883
2016.07.22,04:00,1.10226,1.1026,1.10194,1.10232,2283
2016.07.22,05:00,1.1024,1.10255,1.10189,1.10225,1478
2016.07.22,06:00,1.10303,1.10305,1.10232,1.1024,1337
2016.07.22,07:00,1.10208,1.10322,1.10194,1.10303,1878
2016.07.22,08:00,1.10227,1.10345,1.10204,1.10206,5215
2016.07.22,09:00,1.10255,1.10307,1.10162,1.10224,8924
2016.07.22,10:00,1.10285,1.10408,1.10243,1.10258,10986
2016.07.22,11:00,1.10256,1.1037,1.10222,1.10284,8252
2016.07.22,12:00,1.10161,1.10279,1.10118,1.10255,6983
2016.07.22,13:00,1.10242,1.10302,1.1013,1.10162,6988
2016.07.22,14:00,1.10138,1.10248,1.10088,1.10241,7651
2016.07.22,15:00,1.10127,1.1024,1.1008,1.10137,8272
2016.07.22,16:00,1.09804,1.10172,1.09711,1.10127,9789
2016.07.22,17:00,1.09675,1.09805,1.09661,1.09804,9617
2016.07.22,18:00,1.0967,1.09681,1.0956,1.09675,5497
2016.07.22,19:00,1.0966,1.09683,1.0959,1.09668,3510
2016.07.22,20:00,1.09614,1.09664,1.09555,1.0966,3371
2016.07.22,21:00,1.0973,1.09737,1.09606,1.09614,2421
2016.07.25,00:00,1.09711,1.0973,1.09638,1.09696,5786
2016.07.25,01:00,1.09684,1.09711,1.09656,1.09711,1761
2016.07.25,02:00,1.09595,1.09723,1.0958,1.09682,3891
2016.07.25,03:00,1.096,1.09609,1.09517,1.09594,3857
2016.07.25,04:00,1.097,1.09709,1.09596,1.09601,2597
2016.07.25,05:00,1.09719,1.09733,1.09683,1.09699,2285
2016.07.25,06:00,1.09752,1.09766,1.09697,1.09719,1626
2016.07.25,07:00,1.09747,1.09787,1.09737,1.09752,2142
2016.07.25,08:00,1.09676,1.09781,1.09648,1.09748,4551
2016.07.25,09:00,1.09667,1.09709,1.09606,1.09677,7653
2016.07.25,10:00,1.09821,1.0987,1.0964,1.09665,7690
2016.07.25,11:00,1.09918,1.09966,1.0979,1.09823,6124
2016.07.25,12:00,1.09884,1.09938,1.09858,1.09918,5743
2016.07.25,13:00,1.09837,1.09887,1.09809,1.09884,5231
2016.07.25,14:00,1.09734,1.09889,1.09719,1.09836,6512
2016.07.25,15:00,1.0978,1.09847,1.09719,1.09733,6023
2016.07.25,16:00,1.09706,1.09852,1.097,1.0978,6434
2016.07.25,17:00,1.09787,1.09812,1.09678,1.09708,5162
2016.07.25,18:00,1.09869,1.09893,1.09774,1.09787,3200
2016.07.25,18:00,1.09869,1.09893,1.09774,1.09787,3200
2016.07.25,19:00,1.09932,1.09943,1.09839,1.0987,3138
2016.07.25,20:00,1.09894,1.09986,1.09881,1.09932,2298
2016.07.25,21:00,1.09904,1.0995,1.0988,1.09893,1667
2016.07.25,22:00,1.09945,1.09949,1.09897,1.09904,1363
2016.07.25,23:00,1.09927,1.09953,1.09906,1.09947,377
2016.07.26,00:00,1.0993,1.09957,1.09891,1.09925,2163
2016.07.26,01:00,1.09888,1.09963,1.09881,1.0993,2003
2016.07.26,02:00,1.09845,1.09938,1.09828,1.09886,4992
2016.07.26,03:00,1.09901,1.09932,1.09828,1.09845,3587
2016.07.26,04:00,1.09875,1.09931,1.09853,1.09901,2820
2016.07.26,05:00,1.09874,1.09891,1.09865,1.09874,1319
2016.07.26,06:00,1.10045,1.10057,1.09862,1.09876,4288
2016.07.26,07:00,1.10122,1.10208,1.09996,1.10047,4416
2016.07.26,08:00,1.10076,1.10166,1.10062,1.10122,6497
2016.07.26,09:00,1.10077,1.10117,1.09967,1.10075,9101
2016.07.26,10:00,1.10112,1.10122,1.10021,1.10077,7211
2016.07.26,11:00,1.10134,1.10295,1.10111,1.10112,7366
2016.07.26,12:00,1.10013,1.10162,1.10013,1.10134,5617
2016.07.26,13:00,1.09974,1.10025,1.09945,1.10014,5510
2016.07.26,14:00,1.09945,1.09996,1.0985,1.09971,7529
2016.07.26,15:00,1.10023,1.10064,1.09911,1.09945,8610
2016.07.26,16:00,1.09805,1.10026,1.09783,1.10018,8257
2016.07.26,16:00,1.09805,1.10026,1.09783,1.10018,8257
2016.07.26,17:00,1.09826,1.09874,1.09783,1.0981,6153
2016.07.26,18:00,1.09877,1.09879,1.09811,1.09827,2986
2016.07.26,19:00,1.09902,1.09927,1.09846,1.09877,2715
2016.07.26,20:00,1.09861,1.09926,1.0986,1.09901,2215
2016.07.26,21:00,1.09878,1.09911,1.09839,1.09861,1831
2016.07.26,22:00,1.09858,1.09891,1.09827,1.09877,1531
2016.07.26,23:00,1.09845,1.09888,1.09833,1.09863,593
2016.07.27,00:00,1.09888,1.09893,1.09837,1.09845,1379
2016.07.27,01:00,1.09869,1.099,1.09859,1.09887,1548
2016.07.27,02:00,1.099,1.09935,1.09812,1.09869,3034
2016.07.27,03:00,1.09858,1.09937,1.09856,1.09901,3580
2016.07.27,04:00,1.09907,1.09948,1.09849,1.09853,2594
2016.07.27,05:00,1.09978,1.10011,1.09843,1.09907,7095
2016.07.27,06:00,1.09999,1.1002,1.09938,1.09978,4210
2016.07.27,07:00,1.09951,1.10005,1.09911,1.09999,4423
2016.07.27,08:00,1.099,1.09957,1.09873,1.09947,5117
2016.07.27,09:00,1.10009,1.10009,1.09868,1.099,6654
2016.07.27,10:00,1.09935,1.10035,1.09926,1.10009,6230
2016.07.27,10:00,1.09935,1.10035,1.09926,1.10009,6230
2016.07.27,11:00,1.09985,1.10056,1.09916,1.09934,5573
2016.07.27,12:00,1.0994,1.10052,1.09914,1.09985,5477
2016.07.27,13:00,1.0992,1.09967,1.09886,1.0994,4627
2016.07.27,14:00,1.09991,1.1004,1.09876,1.09921,7296
2016.07.27,15:00,1.10022,1.10052,1.09927,1.09991,8211
2016.07.27,16:00,1.09871,1.10077,1.09851,1.10021,7612
2016.07.27,17:00,1.09872,1.09963,1.09835,1.0987,5905
2016.07.27,18:00,1.0991,1.09949,1.09866,1.09875,3523
2016.07.27,19:00,1.09964,1.1,1.09893,1.09909,3560
2016.07.27,20:00,1.10191,1.10229,1.0961,1.09964,16583
2016.07.27,21:00,1.10527,1.10649,1.1018,1.10188,11984
2016.07.27,22:00,1.10574,1.10627,1.10501,1.10531,3823
2016.07.27,23:00,1.10533,1.10701,1.1052,1.10579,1208
2016.07.28,00:00,1.10574,1.10584,1.1052,1.10531,3162
2016.07.28,01:00,1.10691,1.10734,1.10573,1.10574,3667
2016.07.28,02:00,1.10674,1.10751,1.10662,1.10694,6038
2016.07.28,03:00,1.10617,1.10686,1.10591,1.10675,4925
2016.07.28,04:00,1.10723,1.10733,1.10612,1.10617,3015
2016.07.28,05:00,1.10727,1.10766,1.10719,1.10723,2595
2016.07.28,06:00,1.10698,1.10736,1.10667,1.10727,3335
2016.07.28,07:00,1.10684,1.10709,1.10637,1.10699,3317
2016.07.28,08:00,1.10885,1.10953,1.10682,1.10684,8046
2016.07.28,09:00,1.11024,1.11194,1.10882,1.10885,12090
2016.07.28,10:00,1.1105,1.1114,1.1101,1.11025,7235
2016.07.28,11:00,1.10939,1.11063,1.10904,1.11048,6608
2016.07.28,12:00,1.10833,1.10955,1.10809,1.10939,6033
2016.07.28,13:00,1.10837,1.10888,1.10791,1.10832,5685
2016.07.28,14:00,1.10993,1.11032,1.10826,1.10828,7447
2016.07.28,15:00,1.11051,1.11052,1.10898,1.10994,8816
2016.07.28,16:00,1.1083,1.11077,1.10819,1.11052,8238
2016.07.28,17:00,1.10935,1.10942,1.10796,1.10835,5280
2016.07.28,18:00,1.10762,1.10934,1.10731,1.10934,4083
2016.07.28,19:00,1.10716,1.10805,1.10685,1.10762,3664
2016.07.28,20:00,1.10733,1.10758,1.10686,1.10716,3461
2016.07.28,21:00,1.10752,1.10772,1.10713,1.10729,2627
2016.07.28,22:00,1.10775,1.10821,1.10746,1.10752,1963
2016.07.28,23:00,1.10763,1.10805,1.10747,1.10769,519
2016.07.29,00:00,1.1078,1.10815,1.10737,1.10763,3946
2016.07.29,01:00,1.10821,1.10862,1.10756,1.10781,2783
2016.07.29,02:00,1.1081,1.1084,1.1074,1.1082,5385
2016.07.29,03:00,1.10795,1.10841,1.10774,1.1081,4083
2016.07.29,04:00,1.10826,1.10881,1.10757,1.10795,4787
2016.07.29,05:00,1.10904,1.10958,1.10722,1.10829,7799
2016.07.29,06:00,1.10811,1.10944,1.10803,1.10903,4839
2016.07.29,07:00,1.10778,1.10853,1.10736,1.10811,3745
2016.07.29,08:00,1.1088,1.10895,1.10761,1.10779,6798
2016.07.29,09:00,1.10872,1.11011,1.10852,1.10878,7732
2016.07.29,10:00,1.10978,1.10984,1.10831,1.10872,6162
2016.07.29,11:00,1.11101,1.1112,1.10928,1.10975,6113
2016.07.29,12:00,1.11115,1.11129,1.11068,1.111,4317
2016.07.29,13:00,1.11134,1.11142,1.11085,1.11115,4746
2016.07.29,14:00,1.11496,1.1155,1.11042,1.11134,10989
2016.07.29,15:00,1.11614,1.11678,1.11491,1.11492,11369
2016.07.29,16:00,1.11785,1.11821,1.11616,1.11616,12218
2016.07.29,17:00,1.11683,1.1197,1.11679,1.11786,10818
2016.07.29,18:00,1.11564,1.11734,1.11543,1.11683,6542
2016.07.29,19:00,1.11643,1.11665,1.1156,1.11565,3992
2016.07.29,20:00,1.11774,1.11803,1.11632,1.11642,3830
2016.07.29,21:00,1.1178,1.11885,1.11769,1.11775,4052
2016.08.01,00:00,1.11712,1.11833,1.11709,1.11804,3290
2016.08.01,01:00,1.11672,1.11724,1.11658,1.11716,2335
2016.08.01,02:00,1.11751,1.11766,1.1166,1.11672,4514
2016.08.01,03:00,1.11718,1.11784,1.11681,1.11753,3704
2016.08.01,04:00,1.11707,1.11753,1.11696,1.11718,2570
2016.08.01,05:00,1.11777,1.11783,1.11663,1.11709,1991
2016.08.01,06:00,1.11791,1.11813,1.11751,1.11775,2303
2016.08.01,07:00,1.11707,1.11804,1.11705,1.11792,1896
2016.08.01,08:00,1.1164,1.11707,1.11618,1.11707,4567
2016.08.01,09:00,1.11682,1.1172,1.11609,1.1164,6393
2016.08.01,10:00,1.11594,1.11772,1.11593,1.11682,6476
2016.08.01,11:00,1.11753,1.11773,1.11587,1.11592,6658
2016.08.01,12:00,1.11641,1.11753,1.11604,1.11752,5487
2016.08.01,13:00,1.11565,1.11677,1.1155,1.11642,6004
2016.08.01,13:00,1.11565,1.11677,1.1155,1.11642,6004
2016.08.01,14:00,1.11647,1.11695,1.11559,1.11565,5976
2016.08.01,15:00,1.11646,1.11695,1.116,1.11646,7088
2016.08.01,16:00,1.11697,1.11746,1.11629,1.11646,8159
2016.08.01,17:00,1.1175,1.11789,1.11698,1.11698,4760
2016.08.01,18:00,1.11708,1.11772,1.11672,1.11749,2991
2016.08.01,19:00,1.11675,1.11722,1.11658,1.1171,2258
2016.08.01,20:00,1.11694,1.11713,1.11647,1.11676,2252
2016.08.01,21:00,1.11674,1.11697,1.1161,1.11697,2422
2016.08.01,22:00,1.11553,1.11686,1.11553,1.11673,2229
2016.08.01,23:00,1.11632,1.11651,1.1155,1.1155,726
2016.08.02,00:00,1.11667,1.11667,1.11632,1.11636,1003
2016.08.02,01:00,1.11664,1.11676,1.11628,1.11665,1178
2016.08.02,02:00,1.11721,1.1175,1.11661,1.11665,2469
2016.08.02,03:00,1.11642,1.11746,1.11632,1.11727,3148
2016.08.02,04:00,1.11704,1.11718,1.1162,1.11642,2562
2016.08.02,05:00,1.11718,1.11727,1.1169,1.11705,1621
2016.08.02,05:00,1.11718,1.11727,1.1169,1.11705,1621
2016.08.02,06:00,1.1176,1.11807,1.11707,1.11719,3433
2016.08.02,07:00,1.11772,1.11847,1.11733,1.11761,3803
2016.08.02,08:00,1.11828,1.1187,1.11753,1.11772,5519
2016.08.02,09:00,1.11993,1.12084,1.11816,1.11831,11231
2016.08.02,10:00,1.1202,1.12023,1.11924,1.11995,7537
2016.08.02,11:00,1.11955,1.12031,1.11937,1.1202,5611
2016.08.02,12:00,1.11917,1.12041,1.11904,1.11955,5173
2016.08.02,13:00,1.11935,1.11953,1.11868,1.11916,5177
2016.08.02,14:00,1.12007,1.12059,1.11873,1.11934,8977
2016.08.02,15:00,1.12151,1.12161,1.12007,1.12007,8702
2016.08.02,16:00,1.12194,1.12249,1.12109,1.1215,9724
2016.08.02,17:00,1.12241,1.12303,1.12196,1.12196,6508
2016.08.02,18:00,1.12227,1.1229,1.12189,1.12241,4788
2016.08.02,19:00,1.12286,1.12329,1.12227,1.12227,3085
2016.08.02,20:00,1.1226,1.12334,1.12234,1.12286,2839
2016.08.02,21:00,1.12223,1.1226,1.12203,1.12259,2617
2016.08.02,22:00,1.12223,1.12253,1.12199,1.12228,1765
2016.08.02,23:00,1.12208,1.12267,1.12195,1.12234,598
2016.08.03,00:00,1.12194,1.12226,1.12184,1.1221,3033
2016.08.03,01:00,1.12174,1.12216,1.12173,1.12195,1401
2016.08.03,02:00,1.12144,1.12189,1.1214,1.12174,3004
2016.08.03,03:00,1.12126,1.12156,1.12109,1.12144,2835
2016.08.03,04:00,1.12084,1.12165,1.12078,1.12126,2522
2016.08.03,05:00,1.12123,1.12153,1.12079,1.12084,2378
2016.08.03,06:00,1.12131,1.1217,1.12111,1.12123,3218
2016.08.03,07:00,1.12091,1.12142,1.12078,1.12131,2356
2016.08.03,08:00,1.12014,1.12122,1.12009,1.12089,4662
2016.08.03,08:00,1.12014,1.12122,1.12009,1.12089,4662
2016.08.03,09:00,1.12114,1.12149,1.12004,1.12013,7034
2016.08.03,10:00,1.11996,1.12129,1.11969,1.12115,6060
2016.08.03,11:00,1.11913,1.12011,1.119,1.11995,4989
2016.08.03,12:00,1.11984,1.12045,1.11899,1.11914,4571
2016.08.03,13:00,1.12021,1.12026,1.11964,1.11984,4565
2016.08.03,14:00,1.1193,1.12046,1.119,1.12021,6887
2016.08.03,15:00,1.11809,1.11962,1.11756,1.1193,7738
2016.08.03,16:00,1.11722,1.11852,1.11621,1.11809,9436
2016.08.03,17:00,1.11698,1.11795,1.11697,1.11722,4568
2016.08.03,18:00,1.11734,1.11761,1.11662,1.11699,3231
2016.08.03,19:00,1.11434,1.11761,1.11424,1.11731,4110
2016.08.03,20:00,1.1145,1.11464,1.11403,1.11435,2860
2016.08.03,21:00,1.11473,1.11502,1.11451,1.11451,2033
2016.08.03,22:00,1.11484,1.1151,1.11466,1.11475,1513
2016.08.03,23:00,1.11488,1.11513,1.11478,1.11486,506
2016.08.04,00:00,1.1149,1.11507,1.11469,1.11488,2034
2016.08.04,01:00,1.11493,1.11516,1.11474,1.1149,1302
2016.08.04,02:00,1.11442,1.11527,1.1143,1.11493,3342
2016.08.04,03:00,1.11515,1.11561,1.11351,1.11441,4216
2016.08.04,04:00,1.11486,1.11533,1.11424,1.11514,2647
2016.08.04,05:00,1.11443,1.11489,1.11443,1.11486,2078
2016.08.04,06:00,1.11458,1.11471,1.11423,1.11444,1939
2016.08.04,07:00,1.11401,1.11464,1.11391,1.11458,2955
2016.08.04,08:00,1.11286,1.11452,1.11279,1.11401,5314
2016.08.04,09:00,1.11356,1.11416,1.11273,1.11289,7055
2016.08.04,10:00,1.11342,1.11406,1.1133,1.11355,5316
2016.08.04,11:00,1.11267,1.11353,1.11245,1.11341,5433
2016.08.04,12:00,1.11316,1.11379,1.1125,1.11268,5210
2016.08.04,13:00,1.11217,1.11385,1.11137,1.11318,13806
2016.08.04,14:00,1.11439,1.11478,1.11216,1.11218,9095
2016.08.04,15:00,1.11437,1.11486,1.11354,1.11436,8292
2016.08.04,16:00,1.11387,1.11479,1.11359,1.11437,8437
2016.08.04,17:00,1.11329,1.11429,1.11301,1.11386,5362
2016.08.04,18:00,1.11373,1.11402,1.11315,1.11333,3113
2016.08.04,19:00,1.11311,1.11375,1.11274,1.11372,2495
2016.08.04,20:00,1.11299,1.11348,1.11291,1.11311,2040
2016.08.04,21:00,1.11307,1.11323,1.11261,1.11298,1947
2016.08.04,22:00,1.11281,1.11314,1.1127,1.11305,1606
2016.08.04,23:00,1.1128,1.11329,1.11268,1.11283,436
2016.08.05,00:00,1.1128,1.11283,1.11255,1.11278,1870
2016.08.05,01:00,1.11347,1.11347,1.11279,1.11281,1047
2016.08.05,02:00,1.11319,1.11347,1.11286,1.11346,1995
2016.08.05,03:00,1.11322,1.11336,1.11284,1.11321,2079
2016.08.05,04:00,1.11344,1.11345,1.11303,1.11321,1499
2016.08.05,05:00,1.1134,1.11355,1.11327,1.11344,1561
2016.08.05,06:00,1.11363,1.11366,1.11324,1.1134,1113
2016.08.05,07:00,1.11377,1.11408,1.11348,1.11363,1908
2016.08.05,08:00,1.11406,1.1144,1.11376,1.11376,2357
2016.08.05,08:00,1.11406,1.1144,1.11376,1.11376,2357
2016.08.05,09:00,1.11387,1.11445,1.11325,1.11406,5135
2016.08.05,10:00,1.11498,1.1151,1.11377,1.11387,5040
2016.08.05,11:00,1.11414,1.11517,1.11398,1.11498,3637
2016.08.05,12:00,1.11454,1.11493,1.11403,1.11413,3605
2016.08.05,13:00,1.11543,1.11604,1.11448,1.11448,4841
2016.08.05,14:00,1.10832,1.11611,1.10815,1.11544,15329
2016.08.05,15:00,1.10503,1.10857,1.10456,1.10833,14049
2016.08.05,15:00,1.10503,1.10857,1.10456,1.10833,14049
2016.08.05,16:00,1.10704,1.10722,1.10483,1.10503,8162
2016.08.05,17:00,1.10796,1.1087,1.10676,1.10702,6158
2016.08.05,18:00,1.10881,1.1089,1.10779,1.10795,3000
2016.08.05,19:00,1.10935,1.11052,1.10866,1.10879,3228
2016.08.05,20:00,1.10907,1.1094,1.10904,1.10936,1939
2016.08.05,21:00,1.10873,1.10913,1.10862,1.10906,2289
2016.08.08,00:00,1.10908,1.10911,1.10798,1.10843,2043
2016.08.08,01:00,1.10867,1.10922,1.10859,1.10909,1706
2016.08.08,02:00,1.10834,1.10889,1.10804,1.10867,3376
2016.08.08,03:00,1.10919,1.10935,1.10829,1.10834,2721
2016.08.08,04:00,1.10967,1.10987,1.10919,1.10919,1840
2016.08.08,05:00,1.1103,1.11037,1.10964,1.10968,1649
2016.08.08,06:00,1.11041,1.11046,1.10995,1.1103,1618
2016.08.08,07:00,1.10942,1.11047,1.10906,1.1104,2206
2016.08.08,08:00,1.10817,1.10986,1.10816,1.10942,4177
2016.08.08,09:00,1.10883,1.10913,1.10817,1.10817,5792
2016.08.08,10:00,1.10857,1.1091,1.10797,1.10883,5012
2016.08.08,11:00,1.10917,1.10973,1.10854,1.10855,4581
2016.08.08,12:00,1.10805,1.10932,1.10805,1.10917,5243
2016.08.08,13:00,1.10842,1.1086,1.10787,1.10805,3838
2016.08.08,14:00,1.10865,1.10874,1.10821,1.10842,4315
2016.08.08,15:00,1.10737,1.10875,1.10736,1.10865,5505
2016.08.08,16:00,1.1074,1.10863,1.10734,1.10736,6065
2016.08.08,17:00,1.10762,1.10793,1.10719,1.1074,3797
2016.08.08,18:00,1.10771,1.10806,1.10748,1.10762,1721
2016.08.08,19:00,1.10806,1.10812,1.10759,1.10772,1549
2016.08.08,20:00,1.10811,1.10853,1.10804,1.10805,1791
2016.08.08,21:00,1.10826,1.1086,1.10811,1.10811,1592
2016.08.08,22:00,1.10881,1.10883,1.10809,1.10826,1352
2016.08.08,23:00,1.10854,1.1088,1.10815,1.1087,879
2016.08.09,00:00,1.10843,1.10855,1.10817,1.10855,1061
2016.08.09,01:00,1.10846,1.10867,1.10824,1.10844,909
2016.08.09,02:00,1.10859,1.10905,1.10846,1.10846,2831
2016.08.09,03:00,1.10762,1.10871,1.1076,1.10861,2656
2016.08.09,04:00,1.10807,1.10807,1.10704,1.10759,2545
2016.08.09,05:00,1.10849,1.10879,1.10801,1.10808,1489
2016.08.09,06:00,1.10826,1.10865,1.10821,1.10849,1940
2016.08.09,07:00,1.10759,1.10831,1.10758,1.10826,1507
2016.08.09,08:00,1.1074,1.10801,1.10718,1.10759,3845
2016.08.09,09:00,1.10768,1.1079,1.10709,1.10743,4968
2016.08.09,10:00,1.1094,1.1095,1.10758,1.10768,6040
2016.08.09,10:00,1.1094,1.1095,1.10758,1.10768,6040
2016.08.09,11:00,1.10882,1.10962,1.10861,1.1094,3979
2016.08.09,12:00,1.10845,1.10906,1.10835,1.10882,4853
2016.08.09,13:00,1.10773,1.10876,1.10751,1.10846,4384
2016.08.09,14:00,1.10794,1.10803,1.10745,1.10774,4824
2016.08.09,15:00,1.11008,1.11103,1.10781,1.10794,7092
2016.08.09,16:00,1.11102,1.11224,1.10999,1.11011,8345
2016.08.09,17:00,1.11093,1.11141,1.11068,1.11103,4582
2016.08.09,18:00,1.11024,1.11127,1.11018,1.1109,2707
2016.08.09,19:00,1.11086,1.11118,1.11004,1.11023,1996
2016.08.09,20:00,1.11079,1.11121,1.11064,1.11086,2068
2016.08.09,21:00,1.11122,1.11153,1.11062,1.11076,1838
2016.08.09,22:00,1.11161,1.11184,1.11116,1.11122,1739
2016.08.09,23:00,1.11143,1.11162,1.11121,1.11161,674
2016.08.10,00:00,1.11152,1.11193,1.11137,1.11139,1627
2016.08.10,01:00,1.11172,1.11177,1.11145,1.11152,1266
2016.08.10,02:00,1.11381,1.1145,1.11168,1.1117,5176
2016.08.10,03:00,1.11466,1.11506,1.1138,1.11381,4283
2016.08.10,04:00,1.11491,1.1156,1.11436,1.11464,3830
2016.08.10,05:00,1.11501,1.1151,1.11435,1.1149,2593
2016.08.10,06:00,1.11499,1.11551,1.11477,1.11501,2006
2016.08.10,07:00,1.1147,1.11546,1.1147,1.11499,2966
2016.08.10,08:00,1.11398,1.11519,1.11395,1.1147,4083
2016.08.10,09:00,1.11433,1.11518,1.11385,1.11401,5647
2016.08.10,10:00,1.11465,1.11484,1.11415,1.11432,4517
2016.08.10,11:00,1.11729,1.11837,1.1146,1.11463,7871
2016.08.10,12:00,1.11724,1.11774,1.11697,1.11727,4131
2016.08.10,13:00,1.1185,1.119,1.11724,1.11724,6150
2016.08.10,14:00,1.11892,1.11895,1.11798,1.11852,6091
2016.08.10,15:00,1.11755,1.11895,1.1173,1.11892,7039
2016.08.10,16:00,1.11648,1.11783,1.11588,1.11757,7081
2016.08.10,17:00,1.11702,1.11749,1.11607,1.11648,5315
2016.08.10,18:00,1.11667,1.11753,1.11663,1.11702,2978
2016.08.10,19:00,1.11781,1.11784,1.11666,1.11667,2526
2016.08.10,20:00,1.11747,1.11842,1.11708,1.1178,2237
2016.08.10,21:00,1.1175,1.11805,1.11704,1.11747,1774
2016.08.10,22:00,1.11745,1.11788,1.11733,1.11749,1567
2016.08.10,23:00,1.11816,1.11845,1.11751,1.11751,1676
2016.08.11,00:00,1.1186,1.11876,1.11806,1.11813,3452
2016.08.11,01:00,1.11851,1.11913,1.11846,1.1186,1828
2016.08.11,02:00,1.11841,1.11902,1.11823,1.1185,2435
2016.08.11,03:00,1.11768,1.11843,1.11729,1.11841,2549
2016.08.11,04:00,1.11761,1.11822,1.1176,1.11769,1458
2016.08.11,05:00,1.11682,1.11779,1.11672,1.11761,1672
2016.08.11,06:00,1.11676,1.11727,1.11665,1.11684,1554
2016.08.11,07:00,1.11637,1.11682,1.11623,1.11676,1974
2016.08.11,07:00,1.11637,1.11682,1.11623,1.11676,1974
2016.08.11,08:00,1.11662,1.11675,1.11603,1.11636,3537
2016.08.11,09:00,1.11482,1.11693,1.11409,1.1166,7300
2016.08.11,10:00,1.11431,1.11492,1.11361,1.11482,6391
2016.08.11,11:00,1.11455,1.11506,1.11421,1.11431,4624
2016.08.11,12:00,1.11474,1.1149,1.11377,1.11454,4794
2016.08.11,13:00,1.11467,1.11543,1.11414,1.11475,4682
2016.08.11,14:00,1.11566,1.11609,1.11461,1.11467,5686
2016.08.11,15:00,1.11665,1.11681,1.11508,1.11566,5681
2016.08.11,16:00,1.1178,1.11793,1.1165,1.11664,6770
2016.08.11,17:00,1.11681,1.11821,1.11673,1.11781,5320
2016.08.11,18:00,1.11572,1.11686,1.11527,1.11683,4187
2016.08.11,19:00,1.11397,1.11583,1.11396,1.11572,3122
2016.08.11,20:00,1.11428,1.1144,1.11369,1.11397,2769
2016.08.11,21:00,1.11407,1.11467,1.11399,1.11429,2280
2016.08.11,22:00,1.11367,1.1141,1.11352,1.11407,1325
2016.08.11,23:00,1.11396,1.11417,1.1135,1.1137,469
2016.08.12,00:00,1.11392,1.11407,1.11365,1.11396,2445
2016.08.12,01:00,1.1138,1.11393,1.11353,1.11391,1239
2016.08.12,02:00,1.11344,1.11431,1.1131,1.11379,2625
2016.08.12,03:00,1.11382,1.11397,1.11334,1.11344,1818
2016.08.12,04:00,1.11389,1.11402,1.1135,1.1138,1705
2016.08.12,05:00,1.11403,1.11441,1.11387,1.1139,1246
2016.08.12,06:00,1.11395,1.11403,1.11352,1.11403,1415
2016.08.12,07:00,1.11417,1.1143,1.11378,1.11394,1524
2016.08.12,08:00,1.11422,1.11451,1.11344,1.1142,4085
2016.08.12,09:00,1.11442,1.11561,1.11392,1.11422,6192
2016.08.12,10:00,1.11544,1.11589,1.11442,1.11442,4873
2016.08.12,11:00,1.11493,1.11568,1.1145,1.11544,4828
2016.08.12,12:00,1.11535,1.11565,1.1147,1.11493,3530
2016.08.12,13:00,1.11502,1.11545,1.11477,1.11536,3226
2016.08.12,14:00,1.12093,1.12212,1.11499,1.11506,11644
2016.08.12,14:00,1.12093,1.12212,1.11499,1.11506,11644
2016.08.12,15:00,1.11959,1.12103,1.11846,1.12093,10381
2016.08.12,16:00,1.11783,1.12034,1.11683,1.1196,9619
2016.08.12,17:00,1.11713,1.11841,1.11702,1.11783,5063
2016.08.12,18:00,1.11682,1.11718,1.11664,1.11714,4211
2016.08.12,19:00,1.11649,1.11726,1.11646,1.11681,2197
2016.08.12,20:00,1.1163,1.11718,1.11588,1.11649,2138
2016.08.12,21:00,1.11613,1.11646,1.116,1.1163,1770
2016.08.15,00:00,1.11619,1.11683,1.11582,1.11677,2651
2016.08.15,01:00,1.11643,1.11654,1.11571,1.11618,2277
2016.08.15,02:00,1.11554,1.11646,1.11532,1.11644,2514
2016.08.15,03:00,1.1155,1.11589,1.11546,1.11555,2066
2016.08.15,04:00,1.11555,1.11572,1.1154,1.1155,1765
2016.08.15,05:00,1.11581,1.11594,1.11555,1.11555,1166
2016.08.15,06:00,1.11582,1.11613,1.11573,1.11582,1158
2016.08.15,07:00,1.11617,1.11622,1.11563,1.1158,1665
2016.08.15,08:00,1.11678,1.1169,1.1158,1.11616,3064
2016.08.15,09:00,1.11734,1.1176,1.11646,1.11678,5916
2016.08.15,10:00,1.11681,1.11755,1.11648,1.11734,4815
2016.08.15,11:00,1.11659,1.11715,1.11657,1.11681,3723
2016.08.15,12:00,1.11699,1.11744,1.11653,1.11659,2974
2016.08.15,13:00,1.11826,1.11839,1.11673,1.117,4158
2016.08.15,14:00,1.11742,1.1186,1.1174,1.11826,7262
2016.08.15,15:00,1.11903,1.11966,1.11712,1.11742,6382
2016.08.15,16:00,1.11961,1.12035,1.11837,1.11902,6367
2016.08.15,17:00,1.11982,1.11999,1.11921,1.11964,4958
2016.08.15,18:00,1.1181,1.11999,1.11802,1.11983,2715
2016.08.15,19:00,1.11852,1.1186,1.11811,1.11811,1384
2016.08.15,20:00,1.1182,1.11855,1.11813,1.11853,1557
2016.08.15,21:00,1.11852,1.11861,1.11811,1.11817,1401
2016.08.15,22:00,1.11831,1.11866,1.11808,1.11852,1247
2016.08.15,23:00,1.11833,1.11857,1.11821,1.11827,340
2016.08.16,00:00,1.11857,1.11869,1.11833,1.11834,1329
2016.08.16,01:00,1.11813,1.1186,1.11796,1.11857,1251
2016.08.16,02:00,1.11806,1.11833,1.11772,1.11813,2261
2016.08.16,03:00,1.11804,1.11842,1.11796,1.11807,2020
2016.08.16,04:00,1.11883,1.11899,1.11794,1.11803,2621
2016.08.16,05:00,1.11952,1.11996,1.11875,1.11883,2450
2016.08.16,06:00,1.1199,1.11995,1.11921,1.11953,1786
2016.08.16,07:00,1.12148,1.12154,1.11989,1.1199,3642
2016.08.16,08:00,1.12418,1.12486,1.12136,1.12148,8495
2016.08.16,09:00,1.127,1.12728,1.12315,1.12417,9790
2016.08.16,10:00,1.12583,1.12763,1.1256,1.12701,8065
2016.08.16,11:00,1.12718,1.12745,1.1255,1.12581,6694
2016.08.16,12:00,1.12765,1.12796,1.12624,1.12717,5893
2016.08.16,13:00,1.12941,1.12999,1.12743,1.12764,7615
2016.08.16,14:00,1.12789,1.13224,1.12614,1.12942,12682
2016.08.16,15:00,1.12701,1.12879,1.12458,1.12787,12091
2016.08.16,16:00,1.12597,1.12833,1.12587,1.12702,9352
2016.08.16,17:00,1.12759,1.1284,1.12578,1.12597,6427
2016.08.16,18:00,1.12688,1.12798,1.12644,1.12762,3759
2016.08.16,19:00,1.12799,1.12806,1.12684,1.12687,3252
2016.08.16,20:00,1.12764,1.12814,1.12736,1.12799,2194
2016.08.16,21:00,1.1279,1.12791,1.12736,1.12764,1701
2016.08.16,22:00,1.1278,1.12804,1.12757,1.12791,1422
2016.08.16,23:00,1.12756,1.12797,1.12739,1.12775,315
2016.08.17,00:00,1.12768,1.12809,1.12749,1.12758,2335
2016.08.17,01:00,1.12758,1.12783,1.12728,1.12768,1608
2016.08.17,02:00,1.128,1.12824,1.12723,1.12759,4097
2016.08.17,03:00,1.12835,1.12903,1.12792,1.12802,3235
2016.08.17,04:00,1.12728,1.12837,1.12709,1.12837,2307
2016.08.17,05:00,1.12734,1.12758,1.12716,1.12727,1678
2016.08.17,06:00,1.12668,1.12756,1.12651,1.12734,2979
2016.08.17,06:00,1.12668,1.12756,1.12651,1.12734,2979
2016.08.17,07:00,1.12639,1.1267,1.12575,1.1267,3734
2016.08.17,08:00,1.12608,1.12726,1.12559,1.12638,5197
2016.08.17,09:00,1.12698,1.12729,1.12556,1.12608,7206
2016.08.17,10:00,1.12566,1.12766,1.1255,1.12698,8063
2016.08.17,11:00,1.12678,1.12729,1.12539,1.12566,5723
2016.08.17,12:00,1.12689,1.12699,1.12647,1.12678,4858
2016.08.17,13:00,1.12717,1.12747,1.12679,1.12688,4099
2016.08.17,14:00,1.12711,1.12794,1.1269,1.12718,5824
2016.08.17,15:00,1.12647,1.12784,1.12639,1.12709,6786
2016.08.17,16:00,1.12757,1.12781,1.12637,1.12646,7654
2016.08.17,17:00,1.12623,1.12783,1.12592,1.12756,6226
2016.08.17,18:00,1.12722,1.12725,1.1262,1.12622,3448
2016.08.17,19:00,1.12633,1.12732,1.12606,1.1272,3736
2016.08.17,20:00,1.12901,1.13157,1.12406,1.12633,14814
2016.08.17,21:00,1.1282,1.12906,1.12771,1.12899,4162
2016.08.17,21:00,1.1282,1.12906,1.12771,1.12899,4162
2016.08.17,22:00,1.12888,1.12939,1.128,1.12817,1701
2016.08.17,23:00,1.1288,1.12897,1.12864,1.12883,357
2016.08.18,00:00,1.12949,1.1295,1.12871,1.12879,2388
2016.08.18,01:00,1.12987,1.13063,1.12894,1.12949,2791
2016.08.18,02:00,1.12979,1.13135,1.12972,1.12989,5699
2016.08.18,03:00,1.13212,1.13285,1.1295,1.1298,6072
2016.08.18,04:00,1.13039,1.1323,1.12994,1.13216,4701
2016.08.18,05:00,1.13124,1.13136,1.12993,1.13039,3405
2016.08.18,06:00,1.13043,1.13129,1.13013,1.13124,3662
2016.08.18,07:00,1.13133,1.13147,1.13021,1.13043,4342
2016.08.18,08:00,1.13154,1.13202,1.13083,1.13132,5747
2016.08.18,09:00,1.13145,1.13302,1.13122,1.13154,8143
2016.08.18,10:00,1.13254,1.13318,1.13124,1.13148,8753
2016.08.18,11:00,1.13146,1.13267,1.13052,1.13254,7465
2016.08.18,12:00,1.13224,1.13238,1.13133,1.13145,5588
2016.08.18,13:00,1.13214,1.13383,1.13189,1.13224,6839
2016.08.18,14:00,1.13118,1.1329,1.13051,1.13214,10188
2016.08.18,15:00,1.13157,1.13202,1.13058,1.13118,7663
2016.08.18,16:00,1.13274,1.13294,1.13065,1.13158,7006
2016.08.18,17:00,1.13329,1.13395,1.13265,1.13275,5934
2016.08.18,18:00,1.13292,1.13396,1.13253,1.1333,3301
2016.08.18,19:00,1.13424,1.13443,1.13292,1.13294,3091
2016.08.18,20:00,1.13544,1.13561,1.13408,1.13423,4443
2016.08.18,21:00,1.13643,1.13659,1.13511,1.13547,3119
2016.08.18,22:00,1.13539,1.13661,1.13518,1.13643,2538
2016.08.18,23:00,1.13519,1.13543,1.13485,1.13538,1323
2016.08.19,00:00,1.13455,1.13596,1.13452,1.13522,3299